{"pairs": {"CURVE_DAI": {"CURVE_USDT": 1.01, "CURVE_USDC": 1.0, "CURVE_TUSD": 1.0, "UNI_DAI": 1, "MOONI_DAI": 1, "BAL_DAI": 1}, "CURVE_USDT": {"CURVE_DAI": 0.9900990099009901, "CURVE_USDC": 1.0, "CURVE_TUSD": 1.0, "UNI_USDT": 1, "MOONI_USDT": 1, "BAL_USDT": 1}, "CURVE_USDC": {"CURVE_DAI": 1.0, "CURVE_USDT": 1.0, "CURVE_TUSD": 1.02, "UNI_USDC": 1, "MOONI_USDC": 1, "BAL_USDC": 1}, "CURVE_TUSD": {"CURVE_DAI": 1.0, "CURVE_USDT": 1.0, "CURVE_USDC": 0.9803921568627451, "UNI_TUSD": 1, "MOONI_TUSD": 1, "BAL_TUSD": 1}, "UNI_DAI": {"CURVE_DAI": 1.0, "UNI_ETH": 0.970873786407767, "UNI_USDT": 1.05, "UNI_USDC": 1.05, "UNI_TUSD": 1.0, "MOONI_DAI": 1, "BAL_DAI": 1}, "MOONI_DAI": {"CURVE_DAI": 1.0, "UNI_DAI": 1.0, "MOONI_ETH": 0.970873786407767, "MOONI_USDT": 1.06, "MOONI_USDC": 1.01, "MOONI_TUSD": 1.06, "BAL_DAI": 1}, "BAL_DAI": {"CURVE_DAI": 1.0, "UNI_DAI": 1.0, "MOONI_DAI": 1.0, "BAL_ETH": 0.9900990099009901, "BAL_USDT": 1.02, "BAL_USDC": 1.03, "BAL_TUSD": 1.02}, "UNI_USDT": {"CURVE_USDT": 1.0, "UNI_ETH": 0.9615384615384615, "UNI_DAI": 0.9523809523809523, "UNI_USDC": 1.06, "UNI_TUSD": 1.0, "MOONI_USDT": 1, "BAL_USDT": 1}, "MOONI_USDT": {"CURVE_USDT": 1.0, "UNI_USDT": 1.0, "MOONI_ETH": 0.9900990099009901, "MOONI_DAI": 0.9433962264150942, "MOONI_USDC": 1.02, "MOONI_TUSD": 1.05, "BAL_USDT": 1}, "BAL_USDT": {"CURVE_USDT": 1.0, "UNI_USDT": 1.0, "MOONI_USDT": 1.0, "BAL_ETH": 0.9433962264150942, "BAL_DAI": 0.9803921568627451, "BAL_USDC": 1.05, "BAL_TUSD": 1.02}, "UNI_USDC": {"CURVE_USDC": 1.0, "UNI_ETH": 0.970873786407767, "UNI_DAI": 0.9523809523809523, "UNI_USDT": 0.9433962264150942, "UNI_TUSD": 1.03, "MOONI_USDC": 1, "BAL_USDC": 1}, "MOONI_USDC": {"CURVE_USDC": 1.0, "UNI_USDC": 1.0, "MOONI_ETH": 0.9523809523809523, "MOONI_DAI": 0.9900990099009901, "MOONI_USDT": 0.9803921568627451, "MOONI_TUSD": 1.05, "BAL_USDC": 1}, "BAL_USDC": {"CURVE_USDC": 1.0, "UNI_USDC": 1.0, "MOONI_USDC": 1.0, "BAL_ETH": 0.9433962264150942, "BAL_DAI": 0.970873786407767, "BAL_USDT": 0.9523809523809523, "BAL_TUSD": 1.0}, "UNI_TUSD": {"CURVE_TUSD": 1.0, "UNI_ETH": 0.9433962264150942, "UNI_DAI": 1.0, "UNI_USDT": 1.0, "UNI_USDC": 0.970873786407767, "MOONI_TUSD": 1, "BAL_TUSD": 1}, "MOONI_TUSD": {"CURVE_TUSD": 1.0, "UNI_TUSD": 1.0, "MOONI_ETH": 1.0, "MOONI_DAI": 0.9433962264150942, "MOONI_USDT": 0.9523809523809523, "MOONI_USDC": 0.9523809523809523, "BAL_TUSD": 1}, "BAL_TUSD": {"CURVE_TUSD": 1.0, "UNI_TUSD": 1.0, "MOONI_TUSD": 1.0, "BAL_ETH": 0.9803921568627451, "BAL_DAI": 0.9803921568627451, "BAL_USDT": 0.9803921568627451, "BAL_USDC": 1.0}, "UNI_ETH": {"UNI_DAI": 1.03, "UNI_USDT": 1.04, "UNI_USDC": 1.03, "UNI_TUSD": 1.06, "MOONI_ETH": 1, "BAL_ETH": 1}, "MOONI_ETH": {"UNI_ETH": 1.0, "MOONI_DAI": 1.03, "MOONI_USDT": 1.01, "MOONI_USDC": 1.05, "MOONI_TUSD": 1.0, "BAL_ETH": 1}, "BAL_ETH": {"UNI_ETH": 1.0, "MOONI_ETH": 1.0, "BAL_DAI": 1.01, "BAL_USDT": 1.06, "BAL_USDC": 1.06, "BAL_TUSD": 1.02}}}